<?xml version="1.0" encoding="UTF-8"?><!DOCTYPE rdf:RDF[
                <!ENTITY rdf  "http://www.w3.org/1999/02/22-rdf-syntax-ns#">
                <!ENTITY rdfs "http://www.w3.org/2000/01/rdf-schema#">
                <!ENTITY dc  "http://purl.org/dc/elements/1.1/">
                <!ENTITY  tpde "http://www.dcc.fc.up.pt/trabalhoPDE">
                ]>
<rdf:RDF xmlns:dc="&dc;" xmlns:rdf="&rdf;" xmlns:tpde="&tpde;" xml:base="&tpde;">
<rdf:Description rdf:about="livro-receitas" xmlns:rdf="http://www.w3.org/1999/02/22-rdf-syntax-ns#">
    <rdf:type rdf:resource="livro"/>
        
        
    <dc:title xmlns:dc="http://purl.org/dc/elements/1.1/">Livro de receitas do Breno</dc:title>
            
    <dc:creator xmlns:dc="http://purl.org/dc/elements/1.1/">Breno Fernando Guerra Marrão</dc:creator>
            
    <dc:creator xmlns:dc="http://purl.org/dc/elements/1.1/">Se quiser posso adicionar outros autores</dc:creator>
            
    <dc:date xmlns:dc="http://purl.org/dc/elements/1.1/">
            2023-10-19
        </dc:date>
            
    <tpde:resumo xmlns:tpde="http://www.dcc.fc.up.pt/trabalhoPDE">
            Esse é o resumo opcional
        </tpde:resumo>
        

    
    <tpde:conteudo xmlns:tpde="http://www.dcc.fc.up.pt/trabalhoPDE">
        <tpde:parte>
                    
            <dc:title xmlns:dc="http://purl.org/dc/elements/1.1/">Comida italiana</dc:title>
                    
            <tpde:resumo>Esse é o texto-introdutorio opcional</tpde:resumo>
                    
            <tpde:receita>
                Spaghetti Bolonhesa
            </tpde:receita>
                    
            <tpde:conteudo>
                <tpde:seção>
                                
                    <dc:title xmlns:dc="http://purl.org/dc/elements/1.1/">
                Comida de Roma
            </dc:title>
                                
                    <tpde:receita>Spaghetti Alfredo</tpde:receita>
                                
                    <tpde:conteudo>
                        <tpde:sub-seção>
                                            
                            <dc:title xmlns:dc="http://purl.org/dc/elements/1.1/">Sobremesas</dc:title>
                                            
                            <tpde:receita>
                        tiramisu
                    </tpde:receita>
                                        
                        </tpde:sub-seção>
                    </tpde:conteudo>
                            
                </tpde:seção>
            </tpde:conteudo>
                
        </tpde:parte>
    </tpde:conteudo>
    
</rdf:Description></rdf:RDF>
