<!DOCTYPE rdf:RDF [
        <!ENTITY  rdf  "http://www.w3.org/1999/02/22-rdf-syntax-ns#">
        <!ENTITY rdfs  "http://www.w3.org/2000/01/rdf-schema#">
        <!ENTITY   dc  "http://purl.org/dc/elements/1.1/">
        <!ENTITY foaf  "http://xmlns.com/foaf/0.1/">
        <!ENTITY  rel  "http://www.dcc.fc.up.pt/~zp/relatorio/">
        ]>
<rdf:RDF xmlns:rdf="http://www.w3.org/1999/02/22-rdf-syntax-ns#" xmlns:rdfs="http://www.w3.org/2000/01/rdf-schema#"
         xmlns:tpde="http://www.dcc.fc.up.pt/trabalhoPDE" xml:base="http://www.dcc.fc.up.pt/trabalhoPDE">

    <rdfs:Class rdf:about="livro"><rdfs:subClassOf rdf:resource="Parte"/></rdfs:Class>

    <rdfs:Class rdf:about="parte"/>
        <rdfs:Class rdf:about="sub-seção"><rdfs:subClassOf rdf:resource="Parte"/></rdfs:Class>
        <rdfs:Class rdf:about="Seccao"><rdfs:subClassOf rdf:resource="Parte"/></rdfs:Class>
        <rdfs:Class rdf:about="Subseccao"><rdfs:subClassOf rdf:resource="Parte"/></rdfs:Class>
        <rdfs:Property rdf:about="conteudo">
            <rdfs:domain  rdf:resource="Parte"/>
            <rdfs:range rdf:resource="Parte"/>
        </rdfs:Property>
        <rdfs:Property rdf:about="nome">
            <rdfs:domain  rdf:resource="Parte"/>
            <rdfs:range rdf:resource="&rdfs;Literal"/>
        </rdfs:Property>
        <rdfs:Property rdf:about="resumo">
            <rdfs:domain  rdf:resource="Parte"/>
            <rdfs:range rdf:resource="&rdfs;Literal"/>
        </rdfs:Property>
        <rdfs:Property rdf:about="Receita">
            <rdfs:domain  rdf:resource="Parte"/>
            <rdfs:range rdf:resource="&rdfs;Literal"/>
        </rdfs:Property>


</rdf:RDF>